Drink_ID,Ingredient1,Ingredient2,Ingredient3,Ingredient4,Ingredient5,Ingredient6,Ingredient7,Ingredient8,Ingredient9,Ingredient10,Ingredient11
17222,Gin,Grand Marnier,Lemon Juice,Grenadine,,,,,,,
13501,Amaretto,Baileys irish cream,Cognac,,,,,,,,
17225,Gin,Grenadine,Heavy cream,Milk,Egg White,,,,,,
14610,151 proof rum,Wild Turkey,,,,,,,,,
17837,Dark rum,Lemon juice,Grenadine,,,,,,,,
13938,Absolut Vodka,Gin,Tonic water,,,,,,,,
17833,Applejack,Grapefruit juice,,,,,,,,,
15266,Vodka,Pisang Ambon,Apple juice,Lemon juice,Lemonade,,,,,,
15106,Orange juice,Grapefruit juice,Apple juice,Maraschino cherry,,,,,,,
17839,Strawberry schnapps,Orange juice,Cranberry juice,Club soda,,,,,,,
17835,Dark rum,Peach nectar,Orange juice,,,,,,,,
11023,Dark rum,Kahlua,Egg white,,,,,,,,
17228,Gin,Vermouth,,,,,,,,,
11046,Applejack,Triple sec,Lemon juice,,,,,,,,
17836,Light rum,Triple sec,Lime juice,Sugar,Egg white,Mint,,,,,
17840,Scotch,Sweet Vermouth,Dry Vermouth,Orange bitters,,,,,,,
17180,Gin,lemon juice,maraschino liqueur,,,,,,,,
15182,Vodka,Creme de Banane,Orange juice,,,,,,,,
16311,Jack Daniels,Midori melon liqueur,Sour mix,,,,,,,,
12560,Grenadine,Orange juice,Pineapple juice,,,,,,,,
13162,Kahlua,Baileys irish cream,Frangelico,Coffee,Cream,,,,,,
11014,Gin,Creme de Cacao,Light cream,Nutmeg,,,,,,,
12756,Vodka,Lime juice,Soda water,,,,,,,,
11021,Dry Vermouth,Bourbon,Blackberry brandy,Lemon juice,Lemon peel,,,,,,
15941,Campari,Sweet Vermouth,Lemon peel,Orange peel,,,,,,,
15853,Baileys irish cream,Grand Marnier,Kahlua,,,,,,,,
13332,Kahlua,Sambuca,Grand Marnier,,,,,,,,
17254,Orange Bitters,Green Chartreuse,Gin,Sweet Vermouth,,,,,,,
11149,Gin,Triple sec,Lemon juice,Grenadine,Egg white,,,,,,
13222,Irish cream,Goldschlager,,,,,,,,,
17195,Champagne,Peach schnapps,,,,,,,,,
17210,Gin,lemon juice,Sugar syrup,Creme de Mure,,,,,,,
11060,Scotch,Sweet Vermouth,Dry Vermouth,Bitters,,,,,,,
11120,Gin,Triple sec,Blue Curacao,Bitters,Maraschino cherry,Lemon peel,,,,,
178310,Rye Whiskey,Dry Vermouth,Maraschino Liqueur,Angostura Bitters,Maraschino Cherry,,,,,,
12572,Pineapple juice,Passion fruit juice,Lemon juice,Grenadine,,,,,,,
11124,Gin,Dry Vermouth,Bitters,Maraschino liqueur,Maraschino cherry,,,,,,
17209,Rum,Galliano,Pineapple Juice,Lime Juice,Prosecco,,,,,,
17825,Hot Chocolate,Green Chartreuse,Cherry Heering,,,,,,,,
178311,151 proof rum,Scotch,Bitters,Wormwood,Ice,,,,,,
17035,Corona,Bacardi Limon,,,,,,,,,
17120,Everclear,Vodka,Mountain Dew,Surge,Lemon juice,Rum,,,,,
11106,Sweet Vermouth,Sloe gin,Lemon peel,,,,,,,,
13395,Midori melon liqueur,Jägermeister,Goldschlager,,,,,,,,
16986,Southern Comfort,Triple sec,Lime,Sour mix,,,,,,,
14730,Vodka,Banana liqueur,Orange juice,Peach schnapps,,,,,,,
14538,Baileys irish cream,Kahlua,Sambuca,,,,,,,,
15511,Kahlua,Milk,Vanilla ice-cream,,,,,,,,
11129,Blended whiskey,Lemon,Powdered sugar,Egg white,Lemon,Cherry,,,,,
17267,Rum,Dark Rum,Banana liqueur,Grenadine,Pineapple Juice,Orange Juice,Sweet and Sour,,,,
17185,Gin,Maraschino liqueur,Lemon juice,Orange bitters,Cherry,,,,,,
14181,Coffee,Milk,Triple sec,Brandy,,,,,,,
11202,Sugar,Lime,Cachaca,,,,,,,,
14608,Spiced rum,Ginger ale,,,,,,,,,
13751,Dark rum,Lime,Coca-Cola,Ice,,,,,,,
11239,Light rum,Cherry brandy,Light cream,,,,,,,,
11288,Light rum,Lime,Coca-Cola,,,,,,,,
17830,Lime,Falernum,Angostura Bitters,Añejo rum,blackstrap rum,,,,,,
17135,Bacardi Limon,Coca-Cola,,,,,,,,,
11222,Light rum,Triple sec,Lime juice,Maraschino liqueur,,,,,,,
17186,Gin,Grenadine,Lemon,Egg white,,,,,,,
13206,Lime,Sugar,White rum,Ice,,,,,,,
11251,Brandy,Triple sec,Lemon juice,,,,,,,,
16047,Lager,Campari,,,,,,,,,
11242,Light rum,Port,Lemon,Powdered sugar,Egg white,Carbonated water,,,,,
17196,Vodka,Lime juice,Cointreau,Cranberry juice,,,,,,,
12800,Water,Sugar,Coffee,Vanilla,Vodka,Caramel coloring,,,,,
11224,Gin,Lemon juice,Maraschino liqueur,Orange bitters,Egg yolk,,,,,,
17250,Gin,Triple Sec,Lillet Blanc,Lemon Juice,Absinthe,,,,,,
13328,Chocolate liqueur,Milk,Amaretto,,,,,,,,
11255,Sweet Vermouth,Sloe gin,Wine,,,,,,,,
12798,Coffee,Vanilla extract,Sugar,Vodka,Water,,,,,,
17108,Coca-Cola,Lemon juice,,,,,,,,,
12734,Chocolate,Milk,Water,,,,,,,,
12890,Cranberry juice,Sugar,Pineapple juice,Almond flavoring,Ginger ale,,,,,,
17187,gin,Peach Bitters,Mint,,,,,,,,
13128,Lager,Cider,Blackcurrant cordial,,,,,,,,
11006,Light rum,Lime,Powdered sugar,,,,,,,,
15409,Coffee,Everclear,,,,,,,,,
16991,Fruit punch,Sprite,Tequila,151 proof rum,,,,,,,
11320,Gin,Ginger ale,Lime,,,,,,,,
11005,Gin,Dry Vermouth,Olive,,,,,,,,
11324,Scotch,Dry Vermouth,Lemon peel,,,,,,,,
14466,Kahlua,Sambuca,Baileys irish cream,,,,,,,,
17181,Vodka,Dry Vermouth,Olive Brine,Lemon,Olive,,,,,,
14482,Cherry Heering,Soda water,Orange juice,Ice,,,,,,,
17211,Dark Rum,Ginger Beer,,,,,,,,,
17177,demerara Sugar,Lime,Cachaca,,,,,,,,
17182,Pisco,Lime Juice,Pineapple Syrup,St. Germain,Angostura Bitters,Pepper,Lavender,,,,
13194,Whiskey,Hot Damn,,,,,,,,,
11326,Dubonnet Rouge,Gin,Bitters,Lemon peel,,,,,,,
12736,Heavy cream,Milk,Cinnamon,Vanilla,Chocolate,Whipped cream,,,,,
178334,Absinthe,Champagne,,,,,,,,,
12668,Chocolate syrup,Milk,Soda water,,,,,,,,
12910,Egg yolk,Sugar,Milk,Light rum,Bourbon,Vanilla extract,Salt,Whipping cream,Egg white,Sugar,Nutmeg
11338,Brandy,Gin,Sweet Vermouth,Carbonated water,Lemon peel,,,,,,
17212,Vodka,Kahlua,Sugar syrup,,,,,,,,
178309,Rum,Vanilla syrup,Espresso,Coffee,,,,,,,
12916,Egg,Sugar,Condensed milk,Milk,Vanilla extract,Rum,Nutmeg,,,,
11339,Apricot brandy,Gin,Dry Vermouth,Grenadine,Lemon juice,Cherry,,,,,
178346,Cachaca,Lime,Elderflower cordial,,,,,,,,
12914,Egg,Sugar,Salt,Milk,Vanilla extract,,,,,,
17246,Mezcal,Chocolate liqueur,Coffee liqueur,,,,,,,,
178352,Rose,Sugar,Strawberries,Lemon Juice,,,,,,,
12768,Coffee,Milk,Sugar,,,,,,,,
11375,Amaretto,Creme de Cacao,Light cream,,,,,,,,
17197,Gin,Sugar,Lemon juice,Champagne,Orange,Maraschino cherry,,,,,
178344,Vodka,Honey,Figs,Thyme,Angostura Bitters,Tonic Water,,,,,
11382,Blended whiskey,Benedictine,Lemon,Lime,Lemon,Lime,,,,,
12674,Yoghurt,Banana,Orange juice,Fruit,Ice,,,,,,
12670,Apple juice,Strawberries,Sugar,Lemon,Apple,Soda water,Ice,,,,
14688,Jägermeister,Sambuca,Vodka,,,,,,,,
178328,Rum,Apricot Nectar,Pomegranate juice,lemon,Soda Water,,,,,,
15743,Coffee,Peach schnapps,,,,,,,,,
17213,Vodka,Raspberry Liqueur,pineapple juice,,,,,,,,
17248,Gin,Lillet,Sweet Vermouth,Orange Peel,,,,,,,
13070,Firewater,Absolut Peppar,Tabasco sauce,,,,,,,,
11368,Gin,Triple sec,,,,,,,,,
11387,Light rum,Triple sec,Lime juice,Sugar,Cherry,Ice,,,,,
12672,Yoghurt,Fruit juice,,,,,,,,,
11369,Scotch,Sweet Vermouth,Bitters,Sugar syrup,,,,,,,
17198,Cognac,Amaretto,,,,,,,,,
13202,Amaretto,Vodka,151 proof rum,Dr. Pepper,Beer,,,,,,
16485,Kahlua,Sambuca,Blue Curacao,Baileys irish cream,,,,,,,
13675,Sambuca,Sarsaparilla,,,,,,,,,
11390,Light rum,Lime juice,Mint,Sugar,,,,,,,
11391,Light rum,Pineapple,Lime juice,Sugar,,,,,,,
15997,Galliano,Ginger ale,Ice,,,,,,,,
17255,Gin,Lime Juice,Sugar Syrup,Lime,,,,,,,
11422,Vodka,Amaretto,Heavy cream,,,,,,,,
11410,Gin,Lemon,Powdered sugar,Carbonated water,,,,,,,
11417,Gin,Lemon juice,Sugar,Orange,Maraschino cherry,,,,,,
12758,Peach Vodka,Lemon juice,Galliano,Sirup of roses,,,,,,,
11424,Vodka,Amaretto,,,,,,,,,
11423,Scotch,Amaretto,,,,,,,,,
12944,Red wine,Water,Sugar,Cinnamon,Cloves,Lemon peel,,,,,
178365,Gin,Tonic Water,Lemon Peel,Ice,,,,,,,
11420,Gin,Water,Powdered sugar,Lemon peel,,,,,,,
11416,Gin,Carbonated water,Sugar,Mint,Orange,Cherry,,,,,
11408,Gin,Lemon juice,Sugar,Grenadine,Maraschino cherry,Orange,,,,,
178366,Gin,Lemon Juice,Lemon Peel,Ice,,,,,,,
11415,Gin,Lemon,Powdered sugar,Water,Orange peel,,,,,,
17252,Vodka,Grapefruit Juice,,,,,,,,,
17230,Gin,Grenadine,lemon,Soda Water,Lime,,,,,,
11418,Gin,Grenadine,Powdered sugar,Pineapple,Strawberries,Carbonated water,,,,,
15427,Malibu rum,Peach schnapps,Blue Curacao,Sweet and sour,,,,,,,
11407,Gin,Carbonated water,Powdered sugar,Orange spiral,Lemon peel,,,,,,
11419,Lime juice,Sugar,Gin,Bitters,Club soda,,,,,,
11433,Gin,Triple sec,Pineapple juice,Grenadine,Pineapple,,,,,,
17200,Green Creme de Menthe,Creme de Cacao,Light cream,,,,,,,,
14642,Kahlua,151 proof rum,Grenadine,,,,,,,,
178342,Gin,Soda Water,Lime,,,,,,,,
16262,Whisky,Baileys irish cream,Coffee,,,,,,,,
178316,White Rum,Honey,Lemon Juice,,,,,,,,
178345,Whiskey,Honey,Cinnamon,lemon,Cloves,,,,,,
15813,Hot Damn,Tea,,,,,,,,,
17202,Lemon peel,Brandy,Ginger ale,Bitters,,,,,,,
12766,Spiced rum,Ginger ale,Lime,Ice,,,,,,,
17239,Vermouth,Maraschino Cherry,Sugar Syrup,Lemonade,Blackberries,,,,,,
178313,Cherry Juice,Orange Peel,Red Chili Flakes,Cloves,Ginger,Vodka,,,,,
11470,Light rum,Pineapple juice,Lemon juice,,,,,,,,
12954,Grape juice,Carbonated soft drink,Sherbet,Sherbet,,,,,,,
17044,Sugar,Corn syrup,Coffee,Vanilla extract,Water,Vodka,,,,,
14782,Irish whiskey,Baileys irish cream,Coffee,,,,,,,,
11462,Vodka,Galliano,Orange juice,,,,,,,,
11472,Gin,Triple sec,Pineapple juice,,,,,,,,
17201,Rum,Grapefruit Juice,Maraschino Liqueur,Lime Juice,,,,,,,
11476,Scotch,Sweet Vermouth,Orange bitters,Olive,,,,,,,
12738,Chocolate,Butter,Vanilla extract,Half-and-half,Marshmallows,,,,,,
17176,Lime,Brown sugar,Passion fruit juice,Ginger ale,Ice,,,,,,
13539,Vodka,Iced tea,Lemon juice,,,,,,,,
12770,Coffee,Sugar,Water,Milk,,,,,,,
12820,Scotch,Half-and-half,Condensed milk,Coconut syrup,Chocolate syrup,,,,,,
13971,Irish whiskey,Coffee,Sugar,Whipped cream,,,,,,,
11528,Irish whiskey,Peach brandy,Orange juice,Sweet and sour,Orange,Cherry,,,,,
11524,Light rum,Blended whiskey,Lemon,Powdered sugar,Carbonated water,,,,,,
17015,Vodka,Kahlua,Coca-Cola,Guinness stout,,,,,,,
12706,Lime juice,Gin,Aperol,,,,,,,,
12772,Kahlua,Coffee,,,,,,,,,
16987,Baileys irish cream,Bourbon,Vodka,Orange juice,,,,,,,
17178,Baileys irish cream,Chambord raspberry liqueur,Sugar syrup,Sugar,,,,,,,
16178,Gin,Vodka,Grenadine,Lime juice,Sugar,Sugar syrup,Soda water,,,,
13847,Jack Daniels,Amaretto,,,,,,,,,
13775,Blackberry brandy,Anis,,,,,,,,,
14956,Vodka,Jello,Water,,,,,,,,
14095,Coffee liqueur,Light rum,Ice,Milk,,,,,,,
11580,Bourbon,Lemon juice,Sugar,Club soda,Maraschino cherry,Orange,,,,,
11558,Blended whiskey,Lemon,Powdered sugar,Port,Egg white,Carbonated water,,,,,
15825,Rum,Coffee,Water,Whipped cream,,,,,,,
12688,Milk,Chocolate syrup,Mint syrup,,,,,,,,
11566,Gin,Green Chartreuse,Yellow Chartreuse,,,,,,,,
11542,Apple brandy,Grenadine,Lime,,,,,,,,
16275,Ice,Tennessee whiskey,Vanilla extract,Coca-Cola,,,,,,,
17203,Creme de Cassis,Champagne,,,,,,,,,
12764,Coffee,Grain alcohol,,,,,,,,,
11600,Vodka,Triple sec,Lime juice,,,,,,,,
13837,Creme de Cassis,Champagne,,,,,,,,,
14752,Kiwi liqueur,Bitter lemon,Ice,,,,,,,,
14456,Absolut Kurant,Tea,Sugar,,,,,,,,
16951,Kahlua,Brandy,Coffee,,,,,,,,
178359,Kiwi,Sugar Syrup,Vodka,Kiwi,,,,,,,
15026,Cranberry vodka,Apfelkorn,Schweppes Russchian,Apple juice,Ice,,,,,,
13190,Vodka,Amaretto,Sloe gin,Triple sec,Cranberry juice,,,,,,
17006,151 proof rum,Kool-Aid,,,,,,,,,
11602,Bourbon,Benedictine,,,,,,,,,
11604,Bourbon,Benedictine,Lemon peel,,,,,,,,
14446,Kool-Aid,Vodka,,,,,,,,,
12714,Kiwi,Papaya,,,,,,,,,
12720,Ginger,Lemon,Water,,,,,,,,
12704,Lime,Sugar,Soda water,Lime peel,,,,,,,
14378,Beer,Amaretto,Orange juice,,,,,,,,
14366,Vodka,Cointreau,Lemon,,,,,,,,
12752,Galliano,Absolut Citron,Lemon,Sugar,151 proof rum,,,,,,
13196,Vodka,Lime,Angostura bitters,Tonic water,Ice,,,,,,
12692,Yoghurt,Water,Salt,Asafoetida,,,,,,,
12694,Yoghurt,Ice,Sugar,Lime,Salt,,,,,,
12702,Ginger,Water,Lemon,Sugar,Cayenne pepper,,,,,,
11658,Scotch,Drambuie,Dry Vermouth,Lemon peel,,,,,,,
11662,Gin,Maraschino liqueur,Orange bitters,,,,,,,,
12698,Mango,Yoghurt,Sugar,Water,,,,,,,
12696,Yoghurt,Water,Sugar,Salt,Lemon juice,,,,,,
15086,Corona,Bacardi Limon,,,,,,,,,
11670,Dark rum,Tia maria,,,,,,,,,
11634,Gin,Light cream,Powdered sugar,Lemon,Egg white,Carbonated water,,,,,
11002,Vodka,Light rum,Gin,Tequila,Lemon,Coca-Cola,,,,,
11666,Carbonated water,Gin,Dry Vermouth,Powdered sugar,Orange spiral,Lemon peel,,,,,
11664,Sweet Vermouth,Gin,,,,,,,,,
178335,Coconut Liqueur,Grapefruit Juice,Soda Water,,,,,,,,
17204,Vodka,Tequila,Light rum,Gin,Coca-Cola,Lemon peel,,,,,
178360,Elderflower cordial,Vodka,Soda Water,Fresh Lemon Juice,,,,,,,
12690,Yoghurt,Water,Cumin seed,Salt,Mint,,,,,,
12776,Espresso,Honey,Cocoa powder,,,,,,,,
11000,Light rum,Lime,Sugar,Mint,Soda water,,,,,,
17205,Champagne,Orange juice,,,,,,,,,
11690,Light rum,Orgeat syrup,Triple sec,Sweet and sour,Cherry,,,,,,
11728,Gin,Dry Vermouth,Olive,,,,,,,,
178343,Beer,Tomato Juice,Lime Juice,Hot Sauce,Worcestershire Sauce,Soy Sauce,,,,,
11008,Sweet Vermouth,Bourbon,Angostura bitters,Ice,Maraschino cherry,Orange peel,,,,,
11007,Tequila,Triple sec,Lime juice,Salt,,,,,,,
178370,Ricard,Orgeat Syrup,Water,,,,,,,,
17206,Mint,Bourbon,Powdered sugar,Water,,,,,,,
16041,Southern Comfort,Orange juice,Pepsi Cola,,,,,,,,
17256,Gin,Sweet Vermouth,Maraschino Liqueur,Angostura Bitters,,,,,,,
16196,Absinthe,Tequila,Grenadine,,,,,,,,
13936,151 proof rum,Pina colada mix,Daiquiri mix,,,,,,,,
11009,Vodka,Lime juice,Ginger ale,,,,,,,,
12988,Water,Sugar,Cloves,Cinnamon,Lemon peel,Red wine,Brandy,,,,
12774,Water,Tea,Ginger,Cardamom,Cloves,Cinnamon,Black pepper,Sugar,Milk,,
178315,Gin,Lime Juice,Ginger Beer,Cucumber,lemon,,,,,,
14209,Coffee,Chambord raspberry liqueur,Cocoa powder,Whipped cream,,,,,,,
178358,Lime,Mango,Mint,White Rum,Ice,Soda Water,Mango,,,,
15841,Mint,Lemon juice,Dark rum,Club soda,Angostura bitters,,,,,,
17189,Gin,Benedictine,Orange juice,Grenadine,,,,,,,
14842,Baileys irish cream,White Creme de Menthe,Cream,,,,,,,,
17188,Light rum,Pineapple juice,Maraschino liqueur,Grenadine,Maraschino cherry,,,,,,
11798,Light rum,Grapefruit juice,Bitters,,,,,,,,
11003,Gin,Campari,Sweet Vermouth,,,,,,,,
11844,Blended whiskey,Lemon,Sugar,Red wine,Lemon,Cherry,,,,,
13861,Baileys irish cream,Frangelico,Milk,,,,,,,,
13192,Rum,Vodka,Gin,Blue Curacao,Sour mix,Lemon-lime soda,,,,,
13204,Absolut Citron,Grand Marnier,Lemon juice,Club soda,,,,,,,
12746,Cocoa powder,Sugar,Vanilla extract,Milk,,,,,,,
11872,Creme de Cacao,Amaretto,Triple sec,Vodka,Light cream,,,,,,
17827,Rye whiskey,Campari,Dry Vermouth,,,,,,,,
178371,White Rum,Sugar Syrup,Lime Juice,Angostura Bitters,Prosecco,,,,,,
12618,Lemon juice,Orange juice,Sugar syrup,Soda water,,,,,,,
16995,Orange juice,Rum,Vodka,Cream,Ice,,,,,,
15330,Vodka,Triple sec,Orange juice,,,,,,,,
11870,Cherry brandy,Gin,Orange juice,Ginger ale,,,,,,,
11001,Bourbon,Angostura bitters,Sugar,Water,,,,,,,
13499,Vodka,Kahlua,Baileys irish cream,Vanilla ice-cream,Oreo cookie,,,,,,
17266,Kahlua,Baileys irish cream,Butterscotch schnapps,Jagermeister,Goldschlager,,,,,,
14586,Spiced rum,Grenadine,Orange juice,Sour mix,,,,,,,
178341,Gin,Orange Juice,Lemon Juice,Rosemary Syrup,Soda Water,Rosemary,Orange Peel,,,,
12748,Milk,Chocolate,Orange peel,Espresso,Nutmeg,,,,,,
13200,Whiskey,Beer,Lemonade,Ice,,,,,,,
17253,Grape Soda,Tequila,,,,,,,,,
17190,Gin,Apricot Brandy,Orange Juice,,,,,,,,
11936,Bitters,Gin,,,,,,,,,
17249,Gin,Orange Curacao,Lime Juice,Angostura Bitters,Orange Bitters,,,,,,
11938,Gin,Grenadine,Light cream,Egg white,,,,,,,
178354,Gin,Coconut Liqueur,Elderflower cordial,Lime Juice,Blackberries,,,,,,
17829,Blended Scotch,Lemon Juice,Honey syrup,Ginger Syrup,Islay single malt Scotch,,,,,,
13214,Pisco,Lemon juice,Sugar,Ice,Egg White,,,,,,
17192,Brandy,Port,Egg Yolk,,,,,,,,
17207,Light rum,Coconut milk,Pineapple,,,,,,,,
16992,Everclear,Vodka,Peach schnapps,Orange juice,Cranberry juice,,,,,,
178338,Rum,Passoa,Lime Juice,Passion fruit syrup,Peach Bitters,Mint,,,,,
13072,Vodka,Cherry liqueur,Cranberry juice,Orange juice,,,,,,,
11959,Gin,Creme de Cacao,,,,,,,,,
11965,Port,Light cream,Powdered sugar,Egg,Nutmeg,,,,,,
17191,Dark rum,Orgeat syrup,Orange juice,Pineapple juice,,,,,,,
178327,Tequila,Grapefruit Juice,Fresh Lime Juice,Pineapple Juice,Lime,Pepper,,,,,
178357,Vodka,Passoa,Passion fruit juice,Lime,Prosecco,,,,,,
178368,Dark Rum,Orange Juice,Pineapple Juice,Grenadine,Sugar Syrup,Angostura Bitters,,,,,
11961,Grenadine,Green Creme de Menthe,,,,,,,,,
11963,Port,Brandy,,,,,,,,,
15092,Orange juice,Apple juice,Pineapple juice,Ice,,,,,,,
13535,Sprite,Pink lemonade,Vodka,,,,,,,,
178323,Vodka,Sugar Syrup,Passion fruit juice,,,,,,,,
12718,Ginger,Pineapple,,,,,,,,,
11993,Dark rum,Kahlua,Light cream,Nutmeg,,,,,,,
11987,Coffee brandy,Lime vodka,Sherry,,,,,,,,
13198,Kahlua,Midori melon liqueur,Baileys irish cream,,,,,,,,
15761,Black Sambuca,Orange juice,,,,,,,,,
11989,Red wine,Grenadine,Lemon-lime soda,,,,,,,,
11991,Dry Vermouth,Gin,Benedictine,,,,,,,,
11983,Light rum,Brandy,Lemon,Raspberry syrup,,,,,,,
11985,Light rum,Sherry,Lime,,,,,,,,
17208,Dry Vermouth,Gin,Apricot brandy,Lemon juice,Grenadine,Powdered sugar,,,,,
16031,Beer,7-Up,,,,,,,,,
12093,Light rum,Lemon juice,Sugar,Orange,Maraschino cherry,,,,,,
14978,Rum,Ginger ale,Fruit punch,Orange juice,Ice,,,,,,
12097,Rum,Powdered sugar,Lemon peel,Water,,,,,,,
12055,Gin,Sweet and sour,Egg,Coca-Cola,,,,,,,
12071,Rum,Lemon-lime soda,Lemon,,,,,,,,
16250,Malibu rum,Blackberry brandy,Orange juice,Pineapple juice,Cranberry juice,,,,,,
12101,Scotch,Drambuie,Lemon peel,,,,,,,,
14087,Crown Royal,Amaretto,Cranberry juice,,,,,,,,
17122,Frangelico,Crown Royal,,,,,,,,,
15082,Crown Royal,Peach schnapps,Chambord raspberry liqueur,Cranberry juice,,,,,,,
12067,Sugar,Club soda,Lemon,Dark rum,Maraschino cherry,Orange,,,,,
17114,Gin,Cranberry juice,Grenadine,,,,,,,,
12630,Sugar syrup,Lemon juice,Ginger ale,,,,,,,,
17245,Gin,Blue Curacao,Tonic Water,Rosemary,,,,,,,
178367,Gin,Lemon Juice,Sugar Syrup,Cream,Egg White,Vanilla extract,Soda Water,,,,
12057,Gin,Lemon,Powdered sugar,Egg,Carbonated water,,,,,,
12087,Light rum,Milk,Powdered sugar,Nutmeg,,,,,,,
178333,Bourbon,Raspberry syrup,Mint,,,,,,,,
12091,Light rum,Orange juice,,,,,,,,,
17167,Raspberry vodka,Lemon-lime soda,Ice,,,,,,,,
12089,Light rum,151 proof rum,Powdered sugar,Bitters,Water,Lime peel,,,,,
17214,Vodka,Creme de Cassis,Sugar Syrup,Lemon Juice,,,,,,,
16984,Rum,Vodka,Tequila,Gin,Triple sec,Chambord raspberry liqueur,Midori melon liqueur,Malibu rum,,,
17141,Red wine,Peach schnapps,Pepsi Cola,Orange juice,,,,,,,
17215,Prosecco,Campari,Soda Water,,,,,,,,
12130,Brandy,Amaretto,Light cream,,,,,,,,
13020,Red wine,Sugar,Orange juice,Lemon juice,Cloves,Cinnamon,,,,,
17193,Brandy,White Creme de Menthe,,,,,,,,,
12127,Ricard,Sugar,Peychaud bitters,Water,Bourbon,Lemon peel,,,,,
12196,Cognac,Cointreau,Lemon juice,,,,,,,,
178349,Vodka,Amaro Montenegro,Ruby Port,Blood Orange,Angostura Bitters,Orange Peel,,,,,
178322,Sugar,Allspice,Rum,Lime Juice,Champagne,Orange spiral,,,,,
14195,Advocaat,Lemonade,Lemon,Ice,,,,,,,
16985,Jim Beam,Jack Daniels,Wild Turkey,,,,,,,,
12107,Grapefruit juice,Gin,Salt,,,,,,,,
12308,Apricot brandy,Orange juice,Sweet and sour,,,,,,,,
13377,Vodka,Cranberry juice,Grapefruit juice,,,,,,,,
12158,Scotch,Lime,Powdered sugar,Lemon,Cherry,,,,,,
16990,Godiva liqueur,Milk,,,,,,,,,
12162,Vodka,Orange juice,,,,,,,,,
12190,Sherry,Light cream,Powdered sugar,Egg,Nutmeg,,,,,,
12256,Brandy,Anisette,,,,,,,,,
16273,Lemonade,Water,Vodka,,,,,,,,
15184,Vodka,Creme de Banane,Grenadine,Orange juice,,,,,,,
15226,151 proof rum,Malibu rum,Pineapple juice,Orange juice,Grenadine,Cherries,,,,,
12188,Sherry,Powdered sugar,Egg,Milk,Nutmeg,,,,,,
12724,Milk,Banana,Honey,,,,,,,,
13024,Red wine,Sugar,Water,Apple,Orange,Lime,Lemon,Fresca,,,
12388,Scotch,Wine,Orange juice,,,,,,,,
178350,Dark Rum,Campari,Creme De Banane,Pineapple Juice,Lime Juice,,,,,,
12856,Water,Brown sugar,Coffee,Rum,Vanilla extract,,,,,,
17828,Irish Whiskey,Sweet Vermouth,Green Chartreuse,,,,,,,,
15006,Wild Turkey,Amaretto,Pineapple juice,,,,,,,,
15639,Kahlua,Irish cream,Amaretto,151 proof rum,Cream,,,,,,
12782,Coffee,Coriander,Cardamom,Sugar,Whipping cream,Ice,,,,,
12402,Gin,Lemon juice,Sugar,Club soda,Maraschino cherry,Orange,,,,,
12726,Tomato juice,Lemon juice,Celery salt,,,,,,,,
14860,Grand Marnier,Coffee,,,,,,,,,
15515,Coffee,Jack Daniels,Amaretto,Whipped cream,,,,,,,
12362,Tequila,Lemon juice,Grenadine,Egg white,Ginger ale,,,,,,
12370,Tequila,Lemon,Powdered sugar,Lemon,Cherry,,,,,,
12786,Tea,Water,Condensed milk,Ice,Mint,,,,,,
17247,Green Chartreuse,Maraschino Liqueur,Lime Juice,Gin,,,,,,,
12418,Dry Vermouth,Gin,Anis,Bitters,Orange peel,,,,,,
17824,Gin,Elderflower cordial,Rosso Vermouth,Tonic Water,Lime,Ginger,Mint,,,,
178307,Tequila,7-up,,,,,,,,,
13621,Tequila,Orange juice,Grenadine,,,,,,,,
178330,Gin,Melon Liqueur,Orange Bitters,Lemon Juice,Prosecco,,,,,,
12420,Dry Vermouth,Gin,Maraschino liqueur,Anis,Orange bitters,Cherry,,,,,
14602,Tequila,Tabasco sauce,,,,,,,,,
12784,Coffee,Sugar,Cream,Cardamom,,,,,,,
17826,Irish Whiskey,Amaretto,Cranberry Juice,,,,,,,,
15178,Yukon Jack,Cherry brandy,Southern Comfort,Sweet and sour,,,,,,,
17218,Gin,Vodka,Lillet Blanc,,,,,,,,
12450,Gin,Sweet Vermouth,Brandy,,,,,,,,
17217,Tequila,Tomato Juice,Orange Juice,Lime Juice,Sugar Syrup,Salt,,,,,
12444,Light rum,Sweet Vermouth,Lemon,Powdered sugar,Egg white,,,,,,
12446,Dark rum,Cherry brandy,,,,,,,,,
12436,Light rum,Maple syrup,Lemon juice,,,,,,,,
16967,Vodka,Half-and-half,Limeade,Ice,Nutmeg,,,,,,
178363,Vodka,Lemon Juice,Lemon Peel,Ice,,,,,,,
178362,Sprite,Lime Juice,Vodka,,,,,,,,
178364,Vodka,Tonic Water,Lemon Peel,,,,,,,,
14167,Vodka,Dry Vermouth,Olive,,,,,,,,
15403,Vodka,Schweppes Russchian,,,,,,,,,
12442,Dry Vermouth,Creme de Cassis,Carbonated water,,,,,,,,
12452,Vodka,Lemon juice,Grape juice,Powdered sugar,Orange,,,,,,
12460,Vodka,Tonic water,,,,,,,,,
12434,Apricot brandy,Orange juice,Orange bitters,,,,,,,,
12518,Scotch,Wine,,,,,,,,,
17194,Gin,Triple Sec,Lemon Juice,,,,,,,,
13058,Red wine,Lemon,Orange juice,Orange,Pineapple juice,,,,,,
13056,Red wine,Lemon-lime soda,Ice,,,,,,,,
178347,Tequila,Campari,Lime Juice,Orange Juice,Rosemary Syrup,Salt,,,,,
11004,Blended whiskey,Lemon,Powdered sugar,Cherry,Lemon,,,,,,
12528,Vodka,Coffee liqueur,Light cream,,,,,,,,
178348,Tequila,Grapefruit Juice,Lime Juice,Agave Syrup,Pepper,,,,,,
178326,Lime,lemon,White Wine,Strawberries,Apple,Apple Brandy,Soda Water,,,,
16158,Ice,Tequila,Cream of coconut,Lime juice,,,,,,,
12474,Triple sec,Gin,Pineapple juice,,,,,,,,
17219,White Rum,Galliano,Triple Sec,Lime Juice,,,,,,,
12728,Yoghurt,Fruit,Ice,,,,,,,,
15328,Sambuca,Baileys irish cream,White Creme de Menthe,,,,,,,,
14888,Peachtree schnapps,Surge,,,,,,,,,
15691,Beer,Root beer,Lemonade,Coca-Cola,7-Up,Creme de Cassis,Lemon,,,,
17241,Rum,Gold rum,151 proof rum,Pernod,Grenadine,Lime Juice,Angostura Bitters,,,,
15933,Sambuca,Root beer,Ice,,,,,,,,
16963,Vodka,Ouzo,,,,,,,,,
15254,Jägermeister,Root beer,,,,,,,,,
16942,Chambord raspberry liqueur,Vodka,Soda water,,,,,,,,
17027,Zima,Chambord raspberry liqueur,,,,,,,,,
14594,Cointreau,Lemon juice,Ice,Lemon,,,,,,,
15801,Midori melon liqueur,Zima,,,,,,,,,
14065,Amaretto,Rum,Kool-Aid,,,,,,,,
14157,Vermouth,Apple juice,,,,,,,,,
