Drink_ID,Measure1,Measure2,Measure3,Measure4,Measure5,Measure6,Measure7,Measure8,Measure9,Measure10,Measure11
17222,1 3/4 shot ,1 Shot ,1/4 Shot,1/8 Shot,,,,,,,
13501,1/3 whole,1/3 whole,1/3 whole,,,,,,,,
17225,2 shots ,1/2 shot ,1/2 shot ,1/2 shot,1/2 Fresh,,,,,,
14610,1 oz Bacardi ,1 oz ,,,,,,,,,
17837,2 oz ,1 oz ,1 tsp ,,,,,,,,
13938,1 oz ,1 oz ,4 oz ,,,,,,,,
17833,1 1/2 oz ,1 oz ,,,,,,,,,
15266,3 parts,1 part ,6 parts ,1 1/2 part ,,,,,,,
15106,4 cl ,3 cl ,1 cl ,1,,,,,,,
17839,2 oz ,2 oz ,2 oz ,,,,,,,,
17835,1 1/2 oz ,2 oz ,3 oz ,,,,,,,,
11023,2 oz ,1 oz ,1,,,,,,,,
17228,1 1/2 shot ,1 1/2 shot ,,,,,,,,,
11046,1 oz ,1 oz ,1 oz ,,,,,,,,
17836,1 1/2 oz ,1 1/2 tsp ,1 tblsp ,1 tsp ,1,1,,,,,
17840,1 1/2 oz ,1 oz ,1 oz ,2 dashes ,,,,,,,
17180,4.5 cl,1.5 cl,1.5 cl,,,,,,,,
15182,2 cl ,1 cl ,,,,,,,,,
16311,1 oz ,1/2 oz ,2 oz ,,,,,,,,
12560,1 part ,4 parts ,4 parts ,,,,,,,,
13162,1 cl ,1 cl ,1 1/2,4 cl hot ,,,,,,,
11014,1/2 oz ,1/2 oz white ,2 oz ,,,,,,,,
12756,4 cl ,1 dash ,,,,,,,,,
11021,1 oz ,1 oz ,1 1/2 tsp ,1 1/2 tsp ,1 twist of ,,,,,,
15941,1 oz ,1 oz red ,Twist of ,Twist of ,,,,,,,
15853,1/3 whole,1/3 whole,1/4 whole,,,,,,,,
13332,1/3 shot ,1/3 shot ,1/3 shot ,,,,,,,,
17254,1 dash,1 oz,1 oz,1 oz,,,,,,,
11149,1 1/2 oz ,1 oz ,1 tsp ,1/2 tsp ,1,,,,,,
13222,1/2 oz ,1/2 oz ,,,,,,,,,
17195,6 oz ,1 oz ,,,,,,,,,
17210,4 cl,1.5 cl,1 cl,1.5 cl,,,,,,,
11060,1 1/2 oz ,1/2 oz ,1/2 oz ,2 dashes ,,,,,,,
11120,1 1/2 oz ,1/2 oz ,1/2 oz ,2 dashes ,1,1 twist of ,,,,,
178310,2 oz,1 oz,1/4 oz,3 dashes,1,,,,,,
12572,10 cl ,6 cl ,1 cl ,1 cl ,,,,,,,
11124,2 oz ,1/2 oz ,2 dashes ,1/2 tsp ,1,,,,,,
17209,4.5 cl,1.5 cl,6 cl, 1 dash,top up ,,,,,,
17825,4 oz,1 oz,1 oz,,,,,,,,
178311,1 shot,1/2 shot,3 drops,1 Fresh,cubes,,,,,,
17035,1,1 shot ,,,,,,,,,
17120,1 fifth ,1 fifth Smirnoff red label ,2 L ,2 L ,1 small bottle ,1 pint ,,,,,
11106,1 oz ,1 1/2 oz ,1 twist of ,,,,,,,,
13395,1/2 oz ,1/2 oz ,1/2 oz ,,,,,,,,
16986,2 oz ,1/2 oz ,2 wedges ,2 oz ,,,,,,,
14730,1/4 whole,1/4 whole,1/4 whole,1/4 whole,,,,,,,
14538,1/3 oz ,1/3 oz ,1/3 oz ,,,,,,,,
15511,2 oz ,8 oz ,2 scoops ,,,,,,,,
11129,2 oz ,Juice of 1/2 ,1 tsp ,1,1 slice ,1,,,,,
17267,3 parts,1 part,1 part,1 part,2 parts,2 parts,1 part,,,,
17185,2 oz ,1/4 tsp ,1/4 tsp ,2 dashes ,1,,,,,,
14181,,1/2 oz ,1/2 oz ,,,,,,,,
11202,2 tsp,1,2 1/2 oz ,,,,,,,,
14608,1 oz ,,,,,,,,,,
13751,1-2 shot ,Squeeze ,Fill with ,,,,,,,,
11239,1 1/4 oz ,1 1/2 tsp ,1 tblsp ,,,,,,,,
11288,2 oz ,Juice of 1/2 ,,,,,,,,,
17830,1/2 whole,1/3 oz,2 dashes,1 oz,1 oz,,,,,,
17135,1 part ,2 parts ,,,,,,,,,
11222,2 oz ,1 1/2 tsp ,1 1/2 tsp ,1 1/2 tsp ,,,,,,,
17186,1 1/2 oz ,2 tsp ,Juice of 1/2 ,1,,,,,,,
13206,2,2 tblsp ,2-3 oz ,crushed ,,,,,,,
11251,2 oz ,1/2 oz ,1 tblsp ,,,,,,,,
16047,1 bottle ,1 1/2 cl ,,,,,,,,,
11242,1 oz ,1 oz ,Juice of 1/2 ,1 tsp ,1,,,,,,
17196,1 1/4 oz ,1/4 oz ,1/4 oz ,1/4 cup ,,,,,,,
12800,2 cups ,2 cups white ,1/2 cup instant ,2-Jan,1 1/2 cup,,,,,,
11224,2 oz ,1/2 oz ,1 tsp ,1 dash ,1,,,,,,
17250,3/4 oz,3/4 oz,3/4 oz,3/4 oz,1 dash,,,,,,
13328,1/2 shot ,1/2 shot ,1 dash ,,,,,,,,
11255,1 oz ,1/2 oz ,1/2 oz Muscatel ,,,,,,,,
12798,10 tblsp instant ,4 tblsp ,2 1/2 cups ,1 qt ,2 1/2 cups ,,,,,,
17108,1 dl ,7 drops ,,,,,,,,,
12734,125 gr,3/4 L ,,,,,,,,,
12890,4 cups ,1 1/2 cup ,4 cups ,1 tblsp ,2 qt ,,,,,,
17187,6 cl,2 dashes,2 Fresh leaves,,,,,,,,
13128,1/2 pint ,1/2 pint ,1 dash ,,,,,,,,
11006,1 1/2 oz ,Juice of 1/2 ,1 tsp ,,,,,,,,
15409,3 parts ,1 part ,,,,,,,,,
16991,2 part ,1 part ,2 shots ,Float Bacardi ,,,,,,,
11320,1 1/2 oz ,4 oz ,1,,,,,,,,
11005,1 2/3 oz ,1/3 oz ,1,,,,,,,,
11324,2 1/2 oz ,1 1/2 tsp ,1 twist of ,,,,,,,,
14466,,,,,,,,,,,
17181,70ml/2fl oz,1 tbsp,2 tbsp,1 wedge,1,,,,,,
14482,1 part ,1 part ,1 part ,cubes,,,,,,,
17211,5 cl,10 cl,,,,,,,,,
17177,2 tsp ,1,2 1/2 oz,,,,,,,,
17182,5 cl,2.5 cl,2.5 cl,1.5 cl,2 Dashes,Pinch,2 sprigs,,,,
13194,0.75 oz ,0.25 oz ,,,,,,,,,
11326,1 1/2 oz ,3/4 oz ,1 dash ,1 twist of ,,,,,,,
12736,2 oz ,6-8 oz ,1 stick ,1,2 oz finely chopped dark ,Fresh ,,,,,
178334,2 shots,Top,,,,,,,,,
12668,2 tblsp ,6 oz whole ,6 oz ,,,,,,,,
12910,6,1/4 cup ,2 cups ,1/2 cup ,1/2 cup ,1 tsp ,1/4 tsp ,1 cup ,6,1/4 cup ,Ground 
11338,3/4 oz ,3/4 oz ,3/4 oz ,,,,,,,,
17212,5 cl,1 cl,1 dash,,,,,,,,
178309,1 shot,1/2 shot,1 shot,1 shot,,,,,,,
12916,1/2 cup ,3 tblsp ,13 oz skimmed ,3/4 cup skimmed ,1 tsp ,1 tsp ,"
","
","
","
","
"
11339,3/4 oz ,1 1/2 oz ,3/4 oz ,1 tsp ,1/4 tsp ,1,,,,,
178346,60 ml,1,3 cl,,,,,,,,
12914,6,1/4 cup ,1/4 tsp ,1 qt ,1 tsp ,,,,,,
17246,2 oz,3/4 oz,1/2 oz,,,,,,,,
178352,750 ml,1/2 cup,8 oz,2-3 oz,,,,,,,
12768,1/2 cup black ,1/2 cup ,1-2 tsp ,,,,,,,,
11375,1/2 oz ,1/2 oz ,2 oz ,,,,,,,,
17197,1 1/2 oz ,2 tsp superfine ,1 1/2 oz ,4 oz Chilled ,1,1,,,,,
178344,2 oz,1 tsp,3,1 Sprig,2 dashes,Top,,,,,
11382,2 oz ,1/2 oz ,Juice of 1/4 ,Juice of 1/2 ,1 slice ,1 slice ,,,,,
12674,1 cup fruit ,1,4 oz frozen ,1/2 piece textural ,6,,,,,,
12670,1 can frozen ,1 cup ,2 tblsp ,1,1,1 L ,,,,,
14688,1/2 oz ,1/2 oz ,1/2 oz ,,,,,,,,
178328,2 shots,1 shot,1 shot,Juice of 1/2,Top,,,,,,
15743,2-Jan,2-Jan,,,,,,,,,
17213,4.5 cl,1.5 cl,1.5 cl,,,,,,,,
17248,1 oz,1 oz,1 oz,1,,,,,,,
13070,1/2 oz ,1/2 oz ,1 dash ,,,,,,,,
11368,2 oz ,1/2 oz ,,,,,,,,,
11387,1 1/2 oz ,1 tblsp ,1 1/2 oz ,1 tsp ,1,1 cup crushed ,,,,,
12672,1 cup ,1 cup ,,,,,,,,,
11369,1 oz ,1 oz ,1 dash ,1/4 tsp ,,,,,,,
17198,1 1/2 oz ,3/4 oz ,,,,,,,,,
13202,1 oz ,1 oz ,1 oz Bacardi ,1 oz ,1 oz ,,,,,,
16485,1 oz ,1 oz ,1 oz ,1 oz ,,,,,,,
13675,1/4 glass ,3/4 glass ,,,,,,,,,
11390,2 oz ,1 tblsp ,6,1 tsp ,,,,,,,
11391,1 1/2 oz ,4 chunks ,1 tblsp ,1/2 tsp ,,,,,,,
15997,2 1/2 shots ,,,,,,,,,,
17255,2 1/2 oz,1/2 oz,1/2 oz,1,,,,,,,
11422,1 oz ,1 oz ,1 oz ,,,,,,,,
11410,2 oz ,Juice of 1/2 ,1 tsp ,,,,,,,,
11417,2 oz ,1 oz ,1/2 tsp superfine ,1,1,,,,,,
12758,5 parts ,3 parts ,1 part ,1 part ,,,,,,,
11424,1 1/2 oz ,3/4 oz ,,,,,,,,,
11423,1 1/2 oz ,3/4 oz ,,,,,,,,,
12944,1 L ,125 ml ,60 gr ,1,3,1 tblsp ,,,,,
178365,4 cl,10 cl,1 Slice,cubes,,,,,,,
11420,2 oz ,2 tsp ,1/2 tsp ,1 twist of ,,,,,,,
11416,2 oz ,1 oz ,1 cube ,4,1 slice ,1,,,,,
11408,2 oz ,1 oz ,1/2 tsp superfine ,1/2 tsp ,1,1,,,,,
178366,6 cl,8 cl,1 Slice,cubes,,,,,,,
11415,2 oz ,Juice of 1/2 ,1 tsp ,1 tsp ,Twist of ,,,,,,
17252,1 1/2 oz,3 oz,,,,,,,,,
17230,2 oz ,1 tsp ,Juice of 1/2 ,Top up with,Garnish,,,,,,
11418,1 1/2 oz ,1 tsp ,1 tblsp ,3 chunks,2,,,,,,
15427,1 1/2 cl ,1 1/2 cl ,1 1/2 cl ,3 cl ,,,,,,,
11407,2 oz ,,,,,,,,,,
11419,1 1/2 oz ,1 tsp superfine ,2 oz ,1 dash ,3 oz ,,,,,,
11433,1 1/2 oz ,1 oz ,1 oz ,1/2 tsp ,1,,,,,,
17200,3/4 oz ,3/4 oz white ,3/4 oz ,,,,,,,,
14642,1 oz ,1 oz Bacardi ,1 dash ,,,,,,,,
178342,2 oz,5 oz,1/4 whole,,,,,,,,
16262,4 cl ,8 cl ,,,,,,,,,
178316,6 cl,2 cl,2 cl,,,,,,,,
178345,50 ml,15 ml,1,1,2,,,,,,
15813,5 shots ,very sweet ,,,,,,,,,
17202,1 long strip ,2 oz ,5 oz ,2 dashes ,,,,,,,
12766,1 1/2 cl ,,,,,,,,,,
17239,25 ml,15 ml,10 ml,100 ml,2,,,,,,
178313,1 bottle,3,1,10,6,20 cl,,,,,
11470,1 oz ,1 oz ,1 tsp ,,,,,,,,
12954,,", orange
",,,,,,,,,
17044,2 1/2 cups ,1 cup ,1 1/2 oz instant ,2 oz ,3 cups boiling ,1 fifth ,,,,,
14782,1 shot ,3/4 shot ,6 oz hot ,,,,,,,,
11462,1 oz ,1/2 oz ,4 oz ,,,,,,,,
11472,2 oz ,1/2 oz ,1 tblsp ,,,,,,,,
17201,12 parts,8 parts,3 parts,3 parts,,,,,,,
11476,1 1/2 oz ,3/4 oz ,2 dashes ,1,,,,,,,
12738,12 oz fine ,1 tsp ,1/2 tsp ,1 cup ,mini ,,,,,,
17176,Â½,2 tsp,4 cl,top up with,fill,,,,,,
13539,1 1/2 oz ,6 oz ," to taste
",,,,,,,,
12770,1/4 cup instant ,1/4 cup ,1/4 cup hot ,4 cups cold ,,,,,,,
12820,1 cup ,1 1/4 cup ,1 can sweetened ,3 drops ,1 tblsp ,,,,,,
13971,1 1/2 oz ,8 oz ,1 tsp ,1 tblsp ,,,,,,,
11528,1 oz ,1/2 oz ,1 oz ,1 oz ,1 slice ,1,,,,,
11524,1/2 oz ,1 1/2 oz ,Juice of 1/2 ,1 tsp ,,,,,,,
17015,1 shot ,1 shot ,1 dash ,Fill with ,,,,,,,
12706,4 cl ,2 cl ,4 cl ,,,,,,,,
12772,2 tsp ,Strong cold ,,,,,,,,,
16987,3/4 oz ,3/4 oz ,3/4 oz ,2-3 oz ,,,,,,,
17178,2/3 oz,1/3 oz,1 tsp,2 pinches,,,,,,,
16178,2 jiggers ,1 jigger ,3 dashes ,1 shot ,Around rim put 1 pinch ,3 dashes ,Fill to top with ,,,,
13847,1 oz ,1 oz ,,,,,,,,,
13775,1 oz ,1 oz ,,,,,,,,,
14956,2 cups ,3 packages ,3 cups ,,,,,,,,
14095,1 shot ,1 shot Jamaican ,cubes,,,,,,,,
11580,2 oz ,1 oz ,1 tsp superfine ,3 oz ,1,1,,,,,
11558,1 1/2 oz ,Juice of 1/2 ,1 tsp ,1 tblsp,1,,,,,,
15825,1/6 glass ,1/6 glass strong black ,1/2 glass cold ,,,,,,,,
12688,2 cups ,,,,,,,,,,
11566,1 1/2 oz ,1/2 oz ,1/2 oz ,,,,,,,,
11542,1 1/2 oz ,1 tsp ,Juice of 1/2 ,,,,,,,,
16275,4/5 whole,2 oz ,1 tsp ,10-12 oz ,,,,,,,
17203,1 part ,5 parts ,,,,,,,,,
12764,1 part ,2 parts ,,,,,,,,,
11600,1 oz ,1 oz ,1 oz ,,,,,,,,
13837,1 part ,5 parts ,,,,,,,,,
14752,1 part ,2 parts ,cubes,,,,,,,,
14456,4 cl ,Turkish apple ," (if needed)
",,,,,,,,
16951,1 oz ,1/2 oz ,,,,,,,,,
178359,2-Jan,1 tsp,1 1/2 oz,Garnish with,,,,,,,
15026,4 cl ,2 cl ,7 cl ,8 cl ,cubes,,,,,,
13190,1 shot ,1 shot ,1 shot ,1 shot ,,,,,,,
17006,2 oz light ,1/2 tsp Tropical ,,,,,,,,,
11602,2 oz ,1/2 oz ,,,,,,,,,
11604,3 oz ,1/2 oz ,1 twist of ,,,,,,,,
14446,1/2 oz Grape ,1/2 oz ,,,,,,,,,
12714,3,1/2 whole,,,,,,,,,
12720,1 inch ,1/4 whole,1 cup hot ,,,,,,,,
12704,Juice of 1 ,1 tblsp ," (seltzer water)
",,,,,,,,
14378,3/4 bottle ,1 shot ,1 oz ,,,,,,,,
14366,1 1/2 shot ,1 1/2 shot ,Juice of 1 wedge ,,,,,,,,
12752,1/2 oz ,1/2 oz ," wedge
",Bacardi ,,,,,,,
13196,5 cl ,2-Jan,4 dashes ,1 dl Schweppes ,4,,,,,,
12692,1 cup ,2 cups cold ,1 tsp ,1 pinch ,,,,,,,
12694,2 cups ,2/3 whole,,,,,,,,,
12702,2 pieces ,1 gal ,1 lb ,1 cup ,ground ,,,,,,
11658,2 oz ,1/2 oz ,1/2 oz ,1 twist of ,,,,,,,
11662,1 1/2 oz ,1/2 oz ,2 dashes ,,,,,,,,
12698,2,2 cups ,1/2 cup ,1 cup iced ,,,,,,,
12696,1 cup ,2 cups cold ,4 tblsp ,pinch ,2 tblsp ,,,,,,
15086,1 bottle ,1 oz ,,,,,,,,,
11670,1 1/2 oz ,1/2 oz ,,,,,,,,,
11634,2 oz ,2 tsp ,1 tsp ,Juice of 1/2,1,,,,,,
11002,1/2 oz ,1/2 oz ,1/2 oz ,1/2 oz ,Juice of 1/2 ,1 splash ,,,,,
11666,,,,,,,,,,,
11664,3/4 oz ,1 1/2 oz ,,,,,,,,,
178335,30 ml,75 ml,Top,,,,,,,,
17204,1/2 oz ,1/2 oz ,1/2 oz ,1/2 oz ,1 dash ,Twist of ,,,,,
178360,2 tsp,1 shot,1/3 cup,Top,,,,,,,
12690,1/2 cup plain ,1 1/4 cup cold ,1/2 tsp ground roasted ,1/4 tsp ,1/4 tsp dried ,,,,,,
12776,,Unsweetened ,,,,,,,,,
11000,2-3 oz ,Juice of 1 ,2 tsp ,1/2 whole,,,,,,,
17205,Chilled ,2 oz ,,,,,,,,,
11690,1 oz ,1/2 oz ,1/2 oz ,1 1/2 oz ,1,,,,,,
11728,1 2/3 oz ,1/3 oz ,1,,,,,,,,
178343,4 oz,4 oz,1 tblsp,Dash,Dash,Dash,,,,,
11008,3/4 oz ,2 1/2 oz Blended ,dash ,2 or 3 ,1,1 twist of ,,,,,
11007,1 1/2 oz ,1/2 oz ,1 oz ,,,,,,,,
178370,3 cl,1 cl,Full Glass,,,,,,,,
17206,4 fresh ,2 1/2 oz ,1 tsp ,2 tsp ,,,,,,,
16041,750 ml ,1 L ,750 ml ,,,,,,,,
17256,1 1/2 oz,1 1/2 oz,1 tsp,2 dashes,,,,,,,
16196,2/5 whole ,2/5 whole ,1/5 whole,,,,,,,,
13936,5 oz Bacardi ,frozen ,frozen ,,,,,,,,
11009,2 oz ,2 oz ,8 oz ,,,,,,,,
12988,3 cups ,1 cup ,12,2,1,750 ml ,1/4 cup ,,,,
12774,2 cups ,3-4 tsp ,1 chunk dried ,3-4 crushed ,3,1 piece ,1-2 whole ," to taste
",to taste,,
178315,5 cl,2 cl,10 cl,Chopped,Chopped,,,,,,
14209,6 oz ,2 oz ,2 tblsp ,,,,,,,,
178358,3,1 Fresh,Sprig,200 ml,cubes,Top,Garnish with,,,,
15841,1/2 handful ,3 cl ,1/8 L Jamaican ,1/8 L ,8 drops ,,,,,,
17189,2 oz ,1 tsp ,1/2 oz ,1 tsp ,,,,,,,
14842,1 oz ,3/4 oz ,3/4 oz double ,,,,,,,,
17188,1 1/2 oz ,1 oz ,1/2 tsp ,1/2 tsp ,1,,,,,,
11798,1 1/2 oz ,3 oz ,1 dash ,,,,,,,,
11003,1 oz ,1 oz ,1 oz ,,,,,,,,
11844,2 oz ,Juice of 1/2 ,1 tsp ," (Claret)
",,,,,,,
13861,1 part ,1 part ,1 part ,,,,,,,,
13192,1/2 oz ,1/2 oz ,1/2 oz ,1/2 oz ,2 oz ,1 splash ,,,,,
13204,2 oz ,1 oz ,2 oz sweetened ,1 oz ,,,,,,,
12746,2 tsp ,1 tsp ,1/2 tsp ,12 oz ,,,,,,,
11872,1/2 oz white ,1/2 oz ,1/2 oz ,1/2 oz ,1 oz ,,,,,,
17827,2 oz,1 oz,1 oz,,,,,,,,
178371,2 oz,1 oz,1 oz,2 dashes,2 oz,,,,,,
12618,5 cl ,15 cl ,2-3 cl ,,,,,,,,
16995,4 oz ,1 oz ,1 oz ,1 package ,Over ,,,,,,
15330,1 oz ,1 oz ,1 oz ,,,,,,,,
11870,1/2 oz ,1 1/2 oz ,4 oz ,,,,,,,,
11001,4.5 cL,2 dashes,1 cube,dash,,,,,,,
13499,1 oz ,1 oz ,1 oz ,2 scoops ,1,,,,,,
17266,2 parts,2 parts,4 parts,1 part,1/2 part,,,,,,
14586,1.5 oz ,0.5 oz ,4 oz ,1 splash ,,,,,,,
178341,1 shot,Top,Top,25 ml,Top,Garnish with,Garnish with,,,,
12748,2 cups ,4 oz chopped bittersweet or semi-sweet ,3 2-inch strips ,1/2 tsp instant ,1/8 tsp ground ,,,,,,
13200,12 oz ,12 oz ,12 oz frozen ,1 cup crushed ,,,,,,,
17253,3 oz,1 1/2 oz,,,,,,,,,
17190,7 parts,4 parts,3 parts ,,,,,,,,
11936,3 dashes ,2 oz ,,,,,,,,,
17249,1 1/2 oz,3/4 oz,3/4 oz,1 dash,1 dash,,,,,,
11938,1 1/2 oz ,1 tsp ,1 tsp ,1,,,,,,,
178354,1 shot,1 shot,25 ml,30 ml,Garnish with,,,,,,
17829,2 oz,3/4 oz,2 tsp,2 tsp,1/4 oz,,,,,,
13214,2 oz ,1 oz ,1-2 tblsp ,1,,,,,,,
17192,3 parts,9 parts,2 parts,,,,,,,,
17207,3 oz ,3 tblsp ,3 tblsp ,,,,,,,,
16992,750 ml ,1750 ml ,1750 ml ,1 gal ,1 gal ,,,,,,
178338,40 ml,20 ml,30 ml,15 ml,Dash,Garnish with,,,,,
13072,2 oz ,2 oz ,4 oz ,4 oz ,,,,,,,
11959,1 1/2 oz ,3/4 oz white ,,,,,,,,,
11965,1 1/2 oz ,2 tsp ,1 tsp ,1 whole ,,,,,,,
17191,1 part ,1/2 part ,2 parts ,1 part ,,,,,,,
178327,4 oz,4 oz,1 oz,8 oz,Garnish with,Rimmed,,,,,
178357,3 cl,3 cl,1 cl,1 cl,1 shot,,,,,,
178368,4.5 cL,3 cl,3.5 cl,1 cl,1 cl,4 drops,,,,,
11961,1 tblsp ,1/2 oz ,,,,,,,,,
11963,2 1/2 oz ,1/2 tsp ,,,,,,,,,
15092,1 part ,1 part ,1 part ,,,,,,,,
13535,1 L ,2 cups ,2 cups ,,,,,,,,
178323,1 shot,1/2 shot,Full Glass,,,,,,,,
12718,1/4 inch ,1/2 whole,,,,,,,,,
11993,1 1/2 oz ,1/2 oz ,1 oz ,1/8 tsp grated ,,,,,,,
11987,1 oz ,1 1/2 oz ,1/2 oz cream ,,,,,,,,
13198,1 part ,1 part ,1 part ,,,,,,,,
15761,25 ml ,Add 250 ml ,,,,,,,,,
11989,2 oz ,1 oz ,,,,,,,,,
11991,1/2 oz ,1 1/2 oz ,1 1/2 tsp ,,,,,,,,
11983,3/4 oz ,3/4 oz ,Juice of 1/4 ,2 tsp ,,,,,,,
11985,1 1/2,1/3 oz cream ,Juice of 1/2 ,,,,,,,,
17208,1/2 oz ,1 oz ,1/2 oz ,1/2 tsp ,1 tsp ,,,,,,
16031,12 oz ,12 oz ,,,,,,,,,
12093,2 oz ,1 oz ,1/2 tsp superfine ,1,1,,,,,,
14978,mikey bottle ,large bottle ,355 ml frozen ,355 ml frozen ,crushed ,,,,,,
12097,2 oz light or dark ,2 tsp ,1 twist of ,2 tsp ,,,,,,,
12055,1 oz ,2 oz ,1 whole ,,,,,,,,
12071,2 oz light or dark ,4 oz ,1,,,,,,,,
16250,1 1/2 oz ,1 oz ,3-4 oz ,3-4 oz ,3-4 oz ,,,,,,
12101,1 1/2 oz ,1/2 oz ,1 twist of ,,,,,,,,
14087,1 shot ,1 shot ,1 shot ,,,,,,,,
17122,1 part ,1 part ,,,,,,,,,
15082,1 1/2 oz ,1 oz ,1/2 oz ,1 oz ,,,,,,,
12067,1 tsp superfine ,3 oz ,1,2 oz ,1,1,,,,,
17114,2 oz ,5 oz ,2 splashes ,,,,,,,,
12630,2 tsp ,,,,,,,,,,
17245,50 ml,15 ml,100 ml,Garnish with,,,,,,,
178367,4.5 cL,3 cl,3 cl,6 cl,1,2 drop,2 cl,,,,
12057,2 oz ,Juice of 1/2 ,1 tsp ,1 whole ,,,,,,,
12087,2 oz ,1 cup ,1 tsp ,,,,,,,,
178333,2 oz,1/2 oz,8,,,,,,,,
12091,1 1/2 oz ,5 oz ,,,,,,,,,
17167,2 oz ,4 oz ,,,,,,,,,
12089,1 1/2 oz ,1 tsp ,1/2 tsp ,1 dash ,1 tsp ,Twist of ,,,,,
17214,2.5 cl,1.5 cl,1 cl,2.5 cl,,,,,,,
16984,1 oz ,1 oz ,1 oz ,1 oz ,1 oz ,1 oz ,1 oz ,1 oz ,,,
17141,1/3 part ,1 shot ,1/3 part ,1/3 part ,,,,,,,
17215,6 cl,4 cl,splash,,,,,,,,
12130,1 oz ,1 oz ,1 oz ,,,,,,,,
13020,1 bottle ,1/2 cup ,1 cup ,1 cup ,,,,,,,
17193,1 1/2 oz ,1/2 oz ,,,,,,,,,
12127,1 tsp ,1/2 tsp superfine ,2 dashes ,1 tsp ,2 oz ,1 twist of ,,,,,
12196,2 oz ,1/2 oz ,1 oz ,,,,,,,,
178349,1 oz,1 oz,1 oz,1 tsp,Dash,Garnish with,,,,,
178322,60 ml,1 tblsp,20 cl,90 ml,6 cl,Garnish with,,,,,
14195,1 1/2 oz ,8-10 oz cold ,1 slice ,cubes,,,,,,,
16985,1 part ,1 part ,1 oz ,,,,,,,,
12107,5 oz ,1 1/2 oz ,1/4 tsp ,,,,,,,,
12308,1 oz ,1 oz ,1 oz ,,,,,,,,
13377,1 1/2 oz ,4 oz ,1 oz ,,,,,,,,
12158,1 1/2 oz ,Juice of 1/2 ,1/2 tsp ,1/2 slice ,1,,,,,,
16990,2 shots ,,,,,,,,,,
12162,2 oz ,,,,,,,,,,
12190,1 1/2 oz cream ,2 tsp ,1 tsp ,1 whole ,,,,,,,
12256,1 1/2 oz ,1 1/2 oz ,,,,,,,,,
16273,1 can ,3 cans ,1 1/2 cup ,,,,,,,,
15184,2 cl ,2 cl ,,,,,,,,,
15226,1 shot Bacardi ,1 shot ,1 shot ,,,,,,,,
12188,2 oz cream ,1 tsp ,1 whole ,,,,,,,,
12724,2 cups ,1,1 tblsp ,,,,,,,,
13024,2 bottles ,1 cup ,2 cups hot ,1 cup," wedges
"," wedges
",,,,,
12388,1 1/2 oz ,1 oz Green Ginger ,1 oz ,,,,,,,,
178350,1 shot,1 shot,1/2 shot,Top,Top,,,,,,
12856,1 cup ,3/4-1 cup ,4 tsp ,1 cup ,4 tsp ,,,,,,
17828,2 oz,1 oz,1/2 oz,,,,,,,,
15006,1 oz ,3/4 oz ,1 splash ,,,,,,,,
15639,1/2 oz ,1/2 oz ,1/2 oz ,1/2 oz Bacardi ,1 oz ,,,,,,
12782,6 tblsp ground,1/4 tsp ,4-5 whole green ,,,,,,,,
12402,2 oz ,1 oz ,1 tsp superfine ,3 oz ,1,1,,,,,
12726,2 cups ,1-2 tblsp ,1 dash ,,,,,,,,
14860,3 parts ,1 part ,,,,,,,,,
15515,8 oz ,4 oz ,4 oz ,,,,,,,,
12362,2 oz ,1 tblsp ,3/4 oz ,1,,,,,,,
12370,2 oz ,Juice of 1/2 ,1 tsp ,1/2 slice ,1,,,,,,
12786,1/4 cup Thai ,1/2 cup boiling ,2 tsp sweetened ,cubes,garnish,,,,,,
17247,1 oz,1 oz,1 oz,1 oz,,,,,,,
12418,1 oz ,1 oz ,1/4 tsp ,2 dashes ,Twist of ,,,,,,
17824,50 ml,15 ml,15 ml,75 ml,2 Wedges,1 Slice,1 Large Sprig,,,,
178307,1 shot,1 part,,,,,,,,,
13621,2 measures ,,,,,,,,,,
178330,1 shot,1 shot,1 dash,1 dash,Top,,,,,,
12420,1 1/2 oz ,1 1/2 oz ,1/4 tsp ,1/4 tsp ,2 dashes ,1,,,,,
14602,full glass ,About 8 drops ,,,,,,,,,
12784,black,," pods
",,,,,,,,
17826,50 ml,50 ml,4 oz,,,,,,,,
15178,1 part ,1/2 part ,1 part ,1 splash ,,,,,,,
17218,6 cl,1.5 cl,0.75 cl,,,,,,,,
12450,1 1/2 oz ,1/2 oz ,1/2 oz ,,,,,,,,
17217,6 cl,3 cl,3 cl,1.5 cl,1 dash,1 pinch,,,,,
12444,1 oz ,1/2 oz ,Juice of 1/2 ,1 tsp ,1,,,,,,
12446,2 oz ,1/2 oz ,,,,,,,,,
12436,3 oz ,1 oz ,1 oz ,,,,,,,,
16967,2 oz ,2 oz ,2 oz ,,,,,,,,
178363,5 cl,7 cl,1 Slice,cubes,,,,,,,
178362,1 cup,1/2 shot,1 1/2 shot,,,,,,,,
178364,4 cl,10 cl,1 Slice,,,,,,,,
14167,1 1/2 oz ,3/4 oz ,1,,,,,,,,
15403,2 oz ,,,,,,,,,,
12442,1 1/2 oz ,3/4 oz ,,,,,,,,,
12452,1 1/2 oz ,3 oz ,3 oz unsweetened ,1 tsp ,1 slice ,,,,,,
12460,2 oz ,,,,,,,,,,
12434,1 1/2 oz ,1 tblsp ,2 dashes ,,,,,,,,
12518,1 1/2 oz ,1 oz Green Ginger ,,,,,,,,,
17194,4cl,3cl,2cl,,,,,,,,
13058,1 bottle ,2,1 cup ,3,1 cup ,,,,,,
13056,2 oz white or ,5 oz ,cubes,,,,,,,,
178347,1 2/3 oz,1/4 oz,3/4 oz,1/2 oz,1/2 oz,Dash,,,,,
11004,2 oz ,Juice of 1/2 ,1/2 tsp ,1,1/2 slice ,,,,,,
12528,2 oz ,1 oz ,,,,,,,,,
178348,2 shots,Top,Juice of 1,1 tsp,Dash,,,,,,
178326,1,1,750 ml,1 cup,1 cup,3 shots,Top,,,,
16158,1 cup ,2 oz ,1/4 cup ,3 tblsp fresh ,,,,,,,
12474,3/4 oz ,3/4 oz ,1 tblsp ,,,,,,,,
17219,3 cl,1.5 cl,1.5 cl,1.5 cl,,,,,,,
12728,1 cup ,1 cup ,,,,,,,,,
15328,2 cl ,2 cl ,2 cl ,,,,,,,,
14888,4 shots ,4 shots ,,,,,,,,,
15691,,,," slice
",,,,,,,
17241,1 1/2 oz,1 1/2 oz,1 oz,1 tsp,1 tsp,1 tsp,1 drop,,,,
15933,1 1/2 oz ,Add 10 oz ,cubes,,,,,,,,
16963,1 1/4 oz Stoli ,1/4 oz ,,,,,,,,,
15254,1/2 oz ,1/2 oz ,,,,,,,,,
16942,1 shot ,1 shot ,Fill with ,,,,,,,,
17027,12 oz ,3 oz ,,,,,,,,,
14594,5 cl ,2 cl ,cubes," or lime
",,,,,,,
15801,1.5 oz ,12 oz ,,,,,,,,,
14065,2 oz ,2 oz ,4 oz Grape ,,,,,,,,
14157,4 cl ,16 cl ,,,,,,,,,
